name_asset;asset_id;asset_attribute_value;system_asset_extension_name;asset_id_attribute;system_asset_extension_id;id_extension
polisa;1;6142047;nr_polisy;1;1;1
polisa;2;5052410;nr_polisy;2;2;2
polisa;3;3151751;nr_polisy;3;3;3
polisa;4;6255153;nr_polisy;4;4;4
polisa;5;2920849;nr_polisy;5;5;5
polisa;6;9618195;nr_polisy;6;6;6
polisa;7;1635324;nr_polisy;7;7;7
polisa;8;7713485;nr_polisy;8;8;8
polisa;9;4894979;nr_polisy;9;9;9
polisa;10;8172290;nr_polisy;10;10;10
polisa;11;5702861;nr_polisy;11;11;11
polisa;12;7547226;nr_polisy;12;12;12
polisa;13;8329629;nr_polisy;13;13;13
polisa;14;6230436;nr_polisy;14;14;14
polisa;15;2591659;nr_polisy;15;15;15
polisa;16;6058482;nr_polisy;16;16;16
polisa;17;6246145;nr_polisy;17;17;17
polisa;18;2494790;nr_polisy;18;18;18
polisa;19;6186037;nr_polisy;19;19;19
polisa;20;9370527;nr_polisy;20;20;20
polisa;21;1844250;nr_polisy;21;21;21
polisa;22;1770787;nr_polisy;22;22;22
polisa;23;9482001;nr_polisy;23;23;23
polisa;24;4408012;nr_polisy;24;24;24
polisa;25;4996449;nr_polisy;25;25;25
polisa;26;4923332;nr_polisy;26;26;26
polisa;27;8530616;nr_polisy;27;27;27
polisa;28;6146910;nr_polisy;28;28;28
polisa;29;2877481;nr_polisy;29;29;29
polisa;30;3814532;nr_polisy;30;30;30
polisa;31;5887485;nr_polisy;31;31;31
polisa;32;2433878;nr_polisy;32;32;32
polisa;33;5848219;nr_polisy;33;33;33
polisa;34;4928016;nr_polisy;34;34;34
polisa;35;5091343;nr_polisy;35;35;35
polisa;36;3198476;nr_polisy;36;36;36
polisa;37;7214885;nr_polisy;37;37;37
polisa;38;2629990;nr_polisy;38;38;38
polisa;39;3504204;nr_polisy;39;39;39
polisa;40;1112499;nr_polisy;40;40;40
polisa;41;2314113;nr_polisy;41;41;41
polisa;42;5947015;nr_polisy;42;42;42
polisa;43;5948441;nr_polisy;43;43;43
polisa;44;4124605;nr_polisy;44;44;44
polisa;45;8992394;nr_polisy;45;45;45
polisa;46;2791873;nr_polisy;46;46;46
polisa;47;6561888;nr_polisy;47;47;47
polisa;48;1951849;nr_polisy;48;48;48
polisa;49;5171175;nr_polisy;49;49;49
polisa;50;3052691;nr_polisy;50;50;50
polisa;51;3002471;nr_polisy;51;51;51
polisa;52;7024111;nr_polisy;52;52;52
polisa;53;5684830;nr_polisy;53;53;53
polisa;54;5165135;nr_polisy;54;54;54
polisa;55;4301636;nr_polisy;55;55;55
polisa;56;6419703;nr_polisy;56;56;56
polisa;57;3450541;nr_polisy;57;57;57
polisa;58;8953088;nr_polisy;58;58;58
polisa;59;8032065;nr_polisy;59;59;59
polisa;60;3272110;nr_polisy;60;60;60
polisa;61;3821924;nr_polisy;61;61;61
polisa;62;6348350;nr_polisy;62;62;62
polisa;63;7813097;nr_polisy;63;63;63
polisa;64;9111744;nr_polisy;64;64;64
polisa;65;7852720;nr_polisy;65;65;65
polisa;66;8368633;nr_polisy;66;66;66
polisa;67;3921359;nr_polisy;67;67;67
polisa;68;3552249;nr_polisy;68;68;68
polisa;69;6011099;nr_polisy;69;69;69
polisa;70;2544746;nr_polisy;70;70;70
polisa;71;7900943;nr_polisy;71;71;71
polisa;72;7442710;nr_polisy;72;72;72
polisa;73;2456225;nr_polisy;73;73;73
polisa;74;6548464;nr_polisy;74;74;74
polisa;75;3618249;nr_polisy;75;75;75
polisa;76;1338283;nr_polisy;76;76;76
polisa;77;8062166;nr_polisy;77;77;77
polisa;78;7882273;nr_polisy;78;78;78
polisa;79;4371246;nr_polisy;79;79;79
polisa;80;1478463;nr_polisy;80;80;80
polisa;81;6251325;nr_polisy;81;81;81
polisa;82;3969846;nr_polisy;82;82;82
polisa;83;8744860;nr_polisy;83;83;83
polisa;84;9334242;nr_polisy;84;84;84
polisa;85;2421805;nr_polisy;85;85;85
polisa;86;1731801;nr_polisy;86;86;86
polisa;87;9915135;nr_polisy;87;87;87
polisa;88;2419402;nr_polisy;88;88;88
polisa;89;5509255;nr_polisy;89;89;89
polisa;90;3310120;nr_polisy;90;90;90
polisa;91;7343420;nr_polisy;91;91;91
polisa;92;7607000;nr_polisy;92;92;92
polisa;93;9965290;nr_polisy;93;93;93
polisa;94;5426865;nr_polisy;94;94;94
pojazd sprawcy;95;114653;mileage;95;95;95
pojazd sprawcy;96;42123;mileage;96;96;96
pojazd sprawcy;97;9529;mileage;97;97;97
pojazd sprawcy;98;85033;mileage;98;98;98
pojazd sprawcy;99;98695;mileage;99;99;99
pojazd sprawcy;100;61882;mileage;100;100;100
pojazd sprawcy;101;62747;mileage;101;101;101
pojazd sprawcy;102;111415;mileage;102;102;102
pojazd sprawcy;103;135092;mileage;103;103;103
pojazd sprawcy;104;117969;mileage;104;104;104
pojazd sprawcy;105;186541;mileage;105;105;105
pojazd sprawcy;106;161012;mileage;106;106;106
pojazd sprawcy;107;181770;mileage;107;107;107
pojazd sprawcy;108;34295;mileage;108;108;108
pojazd sprawcy;109;132968;mileage;109;109;109
pojazd sprawcy;110;72522;mileage;110;110;110
pojazd sprawcy;111;174592;mileage;111;111;111
pojazd sprawcy;112;33759;mileage;112;112;112
pojazd sprawcy;113;166767;mileage;113;113;113
pojazd sprawcy;114;66001;mileage;114;114;114
pojazd sprawcy;115;186423;mileage;115;115;115
pojazd sprawcy;116;181969;mileage;116;116;116
pojazd sprawcy;117;112428;mileage;117;117;117
pojazd sprawcy;118;196542;mileage;118;118;118
pojazd sprawcy;119;158343;mileage;119;119;119
pojazd sprawcy;120;173318;mileage;120;120;120
pojazd sprawcy;121;61201;mileage;121;121;121
pojazd sprawcy;122;113908;mileage;122;122;122
pojazd sprawcy;123;19921;mileage;123;123;123
pojazd sprawcy;124;37106;mileage;124;124;124
pojazd sprawcy;125;55381;mileage;125;125;125
pojazd sprawcy;126;94255;mileage;126;126;126
pojazd sprawcy;127;46957;mileage;127;127;127
pojazd sprawcy;128;108511;mileage;128;128;128
pojazd sprawcy;129;23222;mileage;129;129;129
pojazd sprawcy;130;112115;mileage;130;130;130
pojazd sprawcy;131;25269;mileage;131;131;131
pojazd sprawcy;132;172983;mileage;132;132;132
pojazd sprawcy;133;41307;mileage;133;133;133
pojazd sprawcy;134;74781;mileage;134;134;134
pojazd sprawcy;135;96620;mileage;135;135;135
pojazd sprawcy;136;20799;mileage;136;136;136
pojazd sprawcy;137;130323;mileage;137;137;137
pojazd sprawcy;138;29528;mileage;138;138;138
pojazd sprawcy;139;36466;mileage;139;139;139
pojazd sprawcy;140;31813;mileage;140;140;140
pojazd sprawcy;141;161091;mileage;141;141;141
pojazd sprawcy;142;193990;mileage;142;142;142
pojazd sprawcy;143;78256;mileage;143;143;143
pojazd sprawcy;144;132791;mileage;144;144;144
pojazd sprawcy;145;60979;mileage;145;145;145
pojazd sprawcy;146;101176;mileage;146;146;146
pojazd sprawcy;147;151618;mileage;147;147;147
pojazd sprawcy;148;177654;mileage;148;148;148
pojazd sprawcy;149;73473;mileage;149;149;149
pojazd sprawcy;150;120465;mileage;150;150;150
pojazd sprawcy;151;75211;mileage;151;151;151
pojazd sprawcy;152;171119;mileage;152;152;152
pojazd sprawcy;153;46016;mileage;153;153;153
pojazd sprawcy;154;194318;mileage;154;154;154
pojazd sprawcy;155;134637;mileage;155;155;155
pojazd sprawcy;156;77879;mileage;156;156;156
pojazd sprawcy;157;169059;mileage;157;157;157
pojazd sprawcy;158;41157;mileage;158;158;158
pojazd sprawcy;159;77350;mileage;159;159;159
pojazd sprawcy;160;63202;mileage;160;160;160
pojazd sprawcy;161;160374;mileage;161;161;161
pojazd sprawcy;162;171819;mileage;162;162;162
pojazd sprawcy;163;9931;mileage;163;163;163
pojazd sprawcy;164;97999;mileage;164;164;164
pojazd sprawcy;165;81134;mileage;165;165;165
pojazd sprawcy;166;178979;mileage;166;166;166
pojazd sprawcy;167;178398;mileage;167;167;167
pojazd sprawcy;168;59585;mileage;168;168;168
pojazd sprawcy;169;44973;mileage;169;169;169
pojazd sprawcy;170;194736;mileage;170;170;170
pojazd sprawcy;171;86503;mileage;171;171;171
pojazd sprawcy;172;103777;mileage;172;172;172
pojazd sprawcy;173;21330;mileage;173;173;173
pojazd sprawcy;174;94621;mileage;174;174;174
pojazd sprawcy;175;57107;mileage;175;175;175
pojazd sprawcy;176;12409;mileage;176;176;176
pojazd sprawcy;177;63965;mileage;177;177;177
pojazd sprawcy;178;185213;mileage;178;178;178
pojazd sprawcy;179;19110;mileage;179;179;179
pojazd sprawcy;180;76046;mileage;180;180;180
pojazd sprawcy;181;122713;mileage;181;181;181
pojazd sprawcy;182;186110;mileage;182;182;182
pojazd sprawcy;183;190297;mileage;183;183;183
pojazd sprawcy;184;144482;mileage;184;184;184
pojazd sprawcy;185;46621;mileage;185;185;185
pojazd sprawcy;186;30334;mileage;186;186;186
pojazd sprawcy;187;60926;mileage;187;187;187
pojazd sprawcy;188;71380;mileage;188;188;188
pojazad poszkodowanego;189;116094;mileage;189;189;189
pojazad poszkodowanego;190;90404;mileage;190;190;190
pojazad poszkodowanego;191;93119;mileage;191;191;191
pojazad poszkodowanego;192;190907;mileage;192;192;192
pojazad poszkodowanego;193;181763;mileage;193;193;193
pojazad poszkodowanego;194;83694;mileage;194;194;194
pojazad poszkodowanego;195;19178;mileage;195;195;195
pojazad poszkodowanego;196;180176;mileage;196;196;196
pojazad poszkodowanego;197;123901;mileage;197;197;197
pojazad poszkodowanego;198;75535;mileage;198;198;198
pojazad poszkodowanego;199;115346;mileage;199;199;199
pojazad poszkodowanego;200;21723;mileage;200;200;200
pojazad poszkodowanego;201;157397;mileage;201;201;201
pojazad poszkodowanego;202;152910;mileage;202;202;202
pojazad poszkodowanego;203;167100;mileage;203;203;203
pojazad poszkodowanego;204;38466;mileage;204;204;204
pojazad poszkodowanego;205;108112;mileage;205;205;205
pojazad poszkodowanego;206;90419;mileage;206;206;206
pojazad poszkodowanego;207;15041;mileage;207;207;207
pojazad poszkodowanego;208;37285;mileage;208;208;208
pojazad poszkodowanego;209;107114;mileage;209;209;209
pojazad poszkodowanego;210;54150;mileage;210;210;210
pojazad poszkodowanego;211;30494;mileage;211;211;211
pojazad poszkodowanego;212;143161;mileage;212;212;212
pojazad poszkodowanego;213;72046;mileage;213;213;213
pojazad poszkodowanego;214;151221;mileage;214;214;214
pojazad poszkodowanego;215;103759;mileage;215;215;215
pojazad poszkodowanego;216;190134;mileage;216;216;216
pojazad poszkodowanego;217;127141;mileage;217;217;217
pojazad poszkodowanego;218;62454;mileage;218;218;218
pojazad poszkodowanego;219;121527;mileage;219;219;219
pojazad poszkodowanego;220;84761;mileage;220;220;220
pojazad poszkodowanego;221;113944;mileage;221;221;221
pojazad poszkodowanego;222;107178;mileage;222;222;222
pojazad poszkodowanego;223;94218;mileage;223;223;223
pojazad poszkodowanego;224;70064;mileage;224;224;224
pojazad poszkodowanego;225;85934;mileage;225;225;225
pojazad poszkodowanego;226;75842;mileage;226;226;226
pojazad poszkodowanego;227;99023;mileage;227;227;227
pojazad poszkodowanego;228;78361;mileage;228;228;228
pojazad poszkodowanego;229;85507;mileage;229;229;229
pojazad poszkodowanego;230;37818;mileage;230;230;230
pojazad poszkodowanego;231;148837;mileage;231;231;231
pojazad poszkodowanego;232;82767;mileage;232;232;232
pojazad poszkodowanego;233;5598;mileage;233;233;233
pojazad poszkodowanego;234;139463;mileage;234;234;234
pojazad poszkodowanego;235;55228;mileage;235;235;235
pojazad poszkodowanego;236;40251;mileage;236;236;236
pojazad poszkodowanego;237;147792;mileage;237;237;237
pojazad poszkodowanego;238;134636;mileage;238;238;238
pojazad poszkodowanego;239;174312;mileage;239;239;239
pojazad poszkodowanego;240;115281;mileage;240;240;240
pojazad poszkodowanego;241;66558;mileage;241;241;241
pojazad poszkodowanego;242;182615;mileage;242;242;242
pojazad poszkodowanego;243;42713;mileage;243;243;243
pojazad poszkodowanego;244;125590;mileage;244;244;244
pojazad poszkodowanego;245;27359;mileage;245;245;245
pojazad poszkodowanego;246;37839;mileage;246;246;246
pojazad poszkodowanego;247;72684;mileage;247;247;247
pojazad poszkodowanego;248;126937;mileage;248;248;248
pojazad poszkodowanego;249;181662;mileage;249;249;249
pojazad poszkodowanego;250;25513;mileage;250;250;250
pojazad poszkodowanego;251;38365;mileage;251;251;251
pojazad poszkodowanego;252;168066;mileage;252;252;252
pojazad poszkodowanego;253;149092;mileage;253;253;253
pojazad poszkodowanego;254;124901;mileage;254;254;254
pojazad poszkodowanego;255;24809;mileage;255;255;255
pojazad poszkodowanego;256;101160;mileage;256;256;256
pojazad poszkodowanego;257;18351;mileage;257;257;257
pojazad poszkodowanego;258;175821;mileage;258;258;258
pojazad poszkodowanego;259;7530;mileage;259;259;259
pojazad poszkodowanego;260;144444;mileage;260;260;260
pojazad poszkodowanego;261;114999;mileage;261;261;261
pojazad poszkodowanego;262;28611;mileage;262;262;262
pojazad poszkodowanego;263;161665;mileage;263;263;263
pojazad poszkodowanego;264;34801;mileage;264;264;264
pojazad poszkodowanego;265;113130;mileage;265;265;265
pojazad poszkodowanego;266;67094;mileage;266;266;266
pojazad poszkodowanego;267;153481;mileage;267;267;267
pojazad poszkodowanego;268;36292;mileage;268;268;268
pojazad poszkodowanego;269;133415;mileage;269;269;269
pojazad poszkodowanego;270;34250;mileage;270;270;270
pojazad poszkodowanego;271;17870;mileage;271;271;271
pojazad poszkodowanego;272;34285;mileage;272;272;272
pojazad poszkodowanego;273;87945;mileage;273;273;273
pojazad poszkodowanego;274;51561;mileage;274;274;274
pojazad poszkodowanego;275;94950;mileage;275;275;275
pojazad poszkodowanego;276;20303;mileage;276;276;276
pojazad poszkodowanego;277;64599;mileage;277;277;277
pojazad poszkodowanego;278;138334;mileage;278;278;278
pojazad poszkodowanego;279;142274;mileage;279;279;279
pojazad poszkodowanego;280;179938;mileage;280;280;280
pojazad poszkodowanego;281;83982;mileage;281;281;281
pojazad poszkodowanego;282;44826;mileage;282;282;282
pojazad poszkodowanego;283;57566;mileage;283;283;283
;;van;type;95;284;284
;;sedan;type;96;285;285
;;van;type;97;286;286
;;cabrio;type;98;287;287
;;van;type;99;288;288
;;hatchback;type;100;289;289
;;suv;type;101;290;290
;;cabrio;type;102;291;291
;;sedan;type;103;292;292
;;hatchback;type;104;293;293
;;van;type;105;294;294
;;van;type;106;295;295
;;hatchback;type;107;296;296
;;sedan;type;108;297;297
;;cabrio;type;109;298;298
;;hatchback;type;110;299;299
;;suv;type;111;300;300
;;suv;type;112;301;301
;;hatchback;type;113;302;302
;;hatchback;type;114;303;303
;;sedan;type;115;304;304
;;suv;type;116;305;305
;;hatchback;type;117;306;306
;;suv;type;118;307;307
;;van;type;119;308;308
;;van;type;120;309;309
;;hatchback;type;121;310;310
;;suv;type;122;311;311
;;cabrio;type;123;312;312
;;sedan;type;124;313;313
;;hatchback;type;125;314;314
;;van;type;126;315;315
;;suv;type;127;316;316
;;van;type;128;317;317
;;sedan;type;129;318;318
;;van;type;130;319;319
;;sedan;type;131;320;320
;;van;type;132;321;321
;;sedan;type;133;322;322
;;van;type;134;323;323
;;hatchback;type;135;324;324
;;van;type;136;325;325
;;sedan;type;137;326;326
;;cabrio;type;138;327;327
;;van;type;139;328;328
;;cabrio;type;140;329;329
;;sedan;type;141;330;330
;;suv;type;142;331;331
;;van;type;143;332;332
;;van;type;144;333;333
;;cabrio;type;145;334;334
;;van;type;146;335;335
;;van;type;147;336;336
;;van;type;148;337;337
;;hatchback;type;149;338;338
;;cabrio;type;150;339;339
;;hatchback;type;151;340;340
;;hatchback;type;152;341;341
;;suv;type;153;342;342
;;hatchback;type;154;343;343
;;cabrio;type;155;344;344
;;van;type;156;345;345
;;suv;type;157;346;346
;;cabrio;type;158;347;347
;;sedan;type;159;348;348
;;van;type;160;349;349
;;cabrio;type;161;350;350
;;sedan;type;162;351;351
;;van;type;163;352;352
;;cabrio;type;164;353;353
;;cabrio;type;165;354;354
;;suv;type;166;355;355
;;van;type;167;356;356
;;suv;type;168;357;357
;;cabrio;type;169;358;358
;;sedan;type;170;359;359
;;sedan;type;171;360;360
;;suv;type;172;361;361
;;van;type;173;362;362
;;sedan;type;174;363;363
;;cabrio;type;175;364;364
;;suv;type;176;365;365
;;sedan;type;177;366;366
;;suv;type;178;367;367
;;hatchback;type;179;368;368
;;cabrio;type;180;369;369
;;hatchback;type;181;370;370
;;cabrio;type;182;371;371
;;suv;type;183;372;372
;;suv;type;184;373;373
;;hatchback;type;185;374;374
;;cabrio;type;186;375;375
;;hatchback;type;187;376;376
;;hatchback;type;188;377;377
;;hatchback;type;189;378;378
;;van;type;190;379;379
;;sedan;type;191;380;380
;;cabrio;type;192;381;381
;;suv;type;193;382;382
;;sedan;type;194;383;383
;;hatchback;type;195;384;384
;;suv;type;196;385;385
;;hatchback;type;197;386;386
;;suv;type;198;387;387
;;sedan;type;199;388;388
;;hatchback;type;200;389;389
;;cabrio;type;201;390;390
;;sedan;type;202;391;391
;;sedan;type;203;392;392
;;van;type;204;393;393
;;cabrio;type;205;394;394
;;suv;type;206;395;395
;;cabrio;type;207;396;396
;;suv;type;208;397;397
;;sedan;type;209;398;398
;;van;type;210;399;399
;;cabrio;type;211;400;400
;;hatchback;type;212;401;401
;;sedan;type;213;402;402
;;suv;type;214;403;403
;;sedan;type;215;404;404
;;sedan;type;216;405;405
;;cabrio;type;217;406;406
;;van;type;218;407;407
;;van;type;219;408;408
;;van;type;220;409;409
;;hatchback;type;221;410;410
;;hatchback;type;222;411;411
;;sedan;type;223;412;412
;;suv;type;224;413;413
;;cabrio;type;225;414;414
;;suv;type;226;415;415
;;suv;type;227;416;416
;;suv;type;228;417;417
;;hatchback;type;229;418;418
;;sedan;type;230;419;419
;;suv;type;231;420;420
;;sedan;type;232;421;421
;;van;type;233;422;422
;;van;type;234;423;423
;;suv;type;235;424;424
;;van;type;236;425;425
;;van;type;237;426;426
;;sedan;type;238;427;427
;;sedan;type;239;428;428
;;sedan;type;240;429;429
;;suv;type;241;430;430
;;cabrio;type;242;431;431
;;van;type;243;432;432
;;cabrio;type;244;433;433
;;cabrio;type;245;434;434
;;sedan;type;246;435;435
;;van;type;247;436;436
;;sedan;type;248;437;437
;;van;type;249;438;438
;;van;type;250;439;439
;;van;type;251;440;440
;;sedan;type;252;441;441
;;van;type;253;442;442
;;van;type;254;443;443
;;suv;type;255;444;444
;;hatchback;type;256;445;445
;;van;type;257;446;446
;;cabrio;type;258;447;447
;;sedan;type;259;448;448
;;hatchback;type;260;449;449
;;hatchback;type;261;450;450
;;cabrio;type;262;451;451
;;van;type;263;452;452
;;van;type;264;453;453
;;sedan;type;265;454;454
;;van;type;266;455;455
;;hatchback;type;267;456;456
;;suv;type;268;457;457
;;sedan;type;269;458;458
;;hatchback;type;270;459;459
;;cabrio;type;271;460;460
;;sedan;type;272;461;461
;;suv;type;273;462;462
;;cabrio;type;274;463;463
;;sedan;type;275;464;464
;;sedan;type;276;465;465
;;sedan;type;277;466;466
;;cabrio;type;278;467;467
;;cabrio;type;279;468;468
;;hatchback;type;280;469;469
;;hatchback;type;281;470;470
;;van;type;282;471;471
;;cabrio;type;283;472;472
;;Plymouth;brand;95;473;473
;;BMW;brand;96;474;474
;;Mazda;brand;97;475;475
;;Lincoln;brand;98;476;476
;;Mercury;brand;99;477;477
;;Chevrolet;brand;100;478;478
;;BMW;brand;101;479;479
;;Saturn;brand;102;480;480
;;Chevrolet;brand;103;481;481
;;Lexus;brand;104;482;482
;;Lexus;brand;105;483;483
;;Kia;brand;106;484;484
;;Ram;brand;107;485;485
;;GMC;brand;108;486;486
;;Infiniti;brand;109;487;487
;;Ford;brand;110;488;488
;;Toyota;brand;111;489;489
;;Pontiac;brand;112;490;490
;;Rolls-Royce;brand;113;491;491
;;Suzuki;brand;114;492;492
;;GMC;brand;115;493;493
;;Honda;brand;116;494;494
;;Jaguar;brand;117;495;495
;;Ford;brand;118;496;496
;;Pontiac;brand;119;497;497
;;Pontiac;brand;120;498;498
;;GMC;brand;121;499;499
;;BMW;brand;122;500;500
;;Saturn;brand;123;501;501
;;Dodge;brand;124;502;502
;;Mercury;brand;125;503;503
;;Oldsmobile;brand;126;504;504
;;Nissan;brand;127;505;505
;;Lincoln;brand;128;506;506
;;Ford;brand;129;507;507
;;Honda;brand;130;508;508
;;Volvo;brand;131;509;509
;;Subaru;brand;132;510;510
;;Chevrolet;brand;133;511;511
;;Dodge;brand;134;512;512
;;Mercedes-Benz;brand;135;513;513
;;Nissan;brand;136;514;514
;;GMC;brand;137;515;515
;;GMC;brand;138;516;516
;;Nissan;brand;139;517;517
;;Audi;brand;140;518;518
;;Lotus;brand;141;519;519
;;Buick;brand;142;520;520
;;Saturn;brand;143;521;521
;;Mercury;brand;144;522;522
;;Pontiac;brand;145;523;523
;;Infiniti;brand;146;524;524
;;Isuzu;brand;147;525;525
;;GMC;brand;148;526;526
;;Mercedes-Benz;brand;149;527;527
;;Cadillac;brand;150;528;528
;;Land Rover;brand;151;529;529
;;Ford;brand;152;530;530
;;Chevrolet;brand;153;531;531
;;BMW;brand;154;532;532
;;Bentley;brand;155;533;533
;;Land Rover;brand;156;534;534
;;Honda;brand;157;535;535
;;Mazda;brand;158;536;536
;;Toyota;brand;159;537;537
;;Infiniti;brand;160;538;538
;;Mercedes-Benz;brand;161;539;539
;;Chrysler;brand;162;540;540
;;Toyota;brand;163;541;541
;;Ford;brand;164;542;542
;;Chevrolet;brand;165;543;543
;;Lincoln;brand;166;544;544
;;Volvo;brand;167;545;545
;;Subaru;brand;168;546;546
;;Hummer;brand;169;547;547
;;Chevrolet;brand;170;548;548
;;Toyota;brand;171;549;549
;;Chevrolet;brand;172;550;550
;;Toyota;brand;173;551;551
;;Subaru;brand;174;552;552
;;Hyundai;brand;175;553;553
;;GMC;brand;176;554;554
;;Toyota;brand;177;555;555
;;BMW;brand;178;556;556
;;Chrysler;brand;179;557;557
;;Chevrolet;brand;180;558;558
;;GMC;brand;181;559;559
;;Pontiac;brand;182;560;560
;;Hyundai;brand;183;561;561
;;Chevrolet;brand;184;562;562
;;Volkswagen;brand;185;563;563
;;Volkswagen;brand;186;564;564
;;Land Rover;brand;187;565;565
;;Mercedes-Benz;brand;188;566;566
;;Merkur;brand;189;567;567
;;Mitsubishi;brand;190;568;568
;;Infiniti;brand;191;569;569
;;Ford;brand;192;570;570
;;Chevrolet;brand;193;571;571
;;Hummer;brand;194;572;572
;;Plymouth;brand;195;573;573
;;Saab;brand;196;574;574
;;Saturn;brand;197;575;575
;;Toyota;brand;198;576;576
;;Volkswagen;brand;199;577;577
;;Cadillac;brand;200;578;578
;;Pontiac;brand;201;579;579
;;Dodge;brand;202;580;580
;;Cadillac;brand;203;581;581
;;Land Rover;brand;204;582;582
;;Ford;brand;205;583;583
;;Aston Martin;brand;206;584;584
;;Ford;brand;207;585;585
;;Chevrolet;brand;208;586;586
;;Volkswagen;brand;209;587;587
;;Chrysler;brand;210;588;588
;;Saab;brand;211;589;589
;;Chevrolet;brand;212;590;590
;;Mitsubishi;brand;213;591;591
;;Honda;brand;214;592;592
;;Chevrolet;brand;215;593;593
;;Kia;brand;216;594;594
;;Porsche;brand;217;595;595
;;Saab;brand;218;596;596
;;Mitsubishi;brand;219;597;597
;;Mazda;brand;220;598;598
;;Ford;brand;221;599;599
;;Lincoln;brand;222;600;600
;;Acura;brand;223;601;601
;;Ford;brand;224;602;602
;;Chevrolet;brand;225;603;603
;;Suzuki;brand;226;604;604
;;Chevrolet;brand;227;605;605
;;GMC;brand;228;606;606
;;Oldsmobile;brand;229;607;607
;;Honda;brand;230;608;608
;;Audi;brand;231;609;609
;;Pontiac;brand;232;610;610
;;Hyundai;brand;233;611;611
;;Oldsmobile;brand;234;612;612
;;Ford;brand;235;613;613
;;Bentley;brand;236;614;614
;;Toyota;brand;237;615;615
;;Chevrolet;brand;238;616;616
;;Mazda;brand;239;617;617
;;Lotus;brand;240;618;618
;;Scion;brand;241;619;619
;;Volvo;brand;242;620;620
;;Ford;brand;243;621;621
;;Volvo;brand;244;622;622
;;Dodge;brand;245;623;623
;;Jeep;brand;246;624;624
;;Oldsmobile;brand;247;625;625
;;Ford;brand;248;626;626
;;Ford;brand;249;627;627
;;Mercedes-Benz;brand;250;628;628
;;Pontiac;brand;251;629;629
;;Porsche;brand;252;630;630
;;Saturn;brand;253;631;631
;;Mercedes-Benz;brand;254;632;632
;;Chevrolet;brand;255;633;633
;;Volkswagen;brand;256;634;634
;;Subaru;brand;257;635;635
;;Chevrolet;brand;258;636;636
;;Mitsubishi;brand;259;637;637
;;Chevrolet;brand;260;638;638
;;Chrysler;brand;261;639;639
;;Infiniti;brand;262;640;640
;;Eagle;brand;263;641;641
;;Toyota;brand;264;642;642
;;Mitsubishi;brand;265;643;643
;;Volkswagen;brand;266;644;644
;;Lincoln;brand;267;645;645
;;Aston Martin;brand;268;646;646
;;Dodge;brand;269;647;647
;;Chevrolet;brand;270;648;648
;;Audi;brand;271;649;649
;;Mercedes-Benz;brand;272;650;650
;;GMC;brand;273;651;651
;;Aston Martin;brand;274;652;652
;;Maybach;brand;275;653;653
;;GMC;brand;276;654;654
;;Dodge;brand;277;655;655
;;BMW;brand;278;656;656
;;Mercedes-Benz;brand;279;657;657
;;Pontiac;brand;280;658;658
;;BMW;brand;281;659;659
;;Pontiac;brand;282;660;660
;;GMC;brand;283;661;661
;;84337;calculated_value;95;662;662
;;154479;calculated_value;96;663;663
;;194435;calculated_value;97;664;664
;;106690;calculated_value;98;665;665
;;167326;calculated_value;99;666;666
;;139943;calculated_value;100;667;667
;;95699;calculated_value;101;668;668
;;164299;calculated_value;102;669;669
;;81179;calculated_value;103;670;670
;;187099;calculated_value;104;671;671
;;65490;calculated_value;105;672;672
;;50426;calculated_value;106;673;673
;;147527;calculated_value;107;674;674
;;102238;calculated_value;108;675;675
;;53730;calculated_value;109;676;676
;;71521;calculated_value;110;677;677
;;187947;calculated_value;111;678;678
;;175461;calculated_value;112;679;679
;;175338;calculated_value;113;680;680
;;60114;calculated_value;114;681;681
;;32170;calculated_value;115;682;682
;;170503;calculated_value;116;683;683
;;93098;calculated_value;117;684;684
;;175858;calculated_value;118;685;685
;;188799;calculated_value;119;686;686
;;168487;calculated_value;120;687;687
;;37537;calculated_value;121;688;688
;;158759;calculated_value;122;689;689
;;160604;calculated_value;123;690;690
;;43040;calculated_value;124;691;691
;;77669;calculated_value;125;692;692
;;149194;calculated_value;126;693;693
;;159706;calculated_value;127;694;694
;;46145;calculated_value;128;695;695
;;50427;calculated_value;129;696;696
;;31428;calculated_value;130;697;697
;;113788;calculated_value;131;698;698
;;110294;calculated_value;132;699;699
;;82129;calculated_value;133;700;700
;;198700;calculated_value;134;701;701
;;187919;calculated_value;135;702;702
;;176100;calculated_value;136;703;703
;;192628;calculated_value;137;704;704
;;105934;calculated_value;138;705;705
;;156213;calculated_value;139;706;706
;;52608;calculated_value;140;707;707
;;137491;calculated_value;141;708;708
;;120367;calculated_value;142;709;709
;;188464;calculated_value;143;710;710
;;134407;calculated_value;144;711;711
;;22428;calculated_value;145;712;712
;;88269;calculated_value;146;713;713
;;72506;calculated_value;147;714;714
;;21011;calculated_value;148;715;715
;;122334;calculated_value;149;716;716
;;161765;calculated_value;150;717;717
;;136184;calculated_value;151;718;718
;;76834;calculated_value;152;719;719
;;88343;calculated_value;153;720;720
;;104398;calculated_value;154;721;721
;;55598;calculated_value;155;722;722
;;42379;calculated_value;156;723;723
;;36011;calculated_value;157;724;724
;;78538;calculated_value;158;725;725
;;184677;calculated_value;159;726;726
;;131569;calculated_value;160;727;727
;;91194;calculated_value;161;728;728
;;147865;calculated_value;162;729;729
;;170793;calculated_value;163;730;730
;;46397;calculated_value;164;731;731
;;134785;calculated_value;165;732;732
;;148635;calculated_value;166;733;733
;;125373;calculated_value;167;734;734
;;70253;calculated_value;168;735;735
;;88467;calculated_value;169;736;736
;;139822;calculated_value;170;737;737
;;61179;calculated_value;171;738;738
;;43976;calculated_value;172;739;739
;;36435;calculated_value;173;740;740
;;135777;calculated_value;174;741;741
;;75124;calculated_value;175;742;742
;;25001;calculated_value;176;743;743
;;182385;calculated_value;177;744;744
;;100440;calculated_value;178;745;745
;;65221;calculated_value;179;746;746
;;89208;calculated_value;180;747;747
;;123574;calculated_value;181;748;748
;;158515;calculated_value;182;749;749
;;39135;calculated_value;183;750;750
;;130393;calculated_value;184;751;751
;;42982;calculated_value;185;752;752
;;106242;calculated_value;186;753;753
;;101341;calculated_value;187;754;754
;;93097;calculated_value;188;755;755
;;42620;calculated_value;189;756;756
;;143574;calculated_value;190;757;757
;;51916;calculated_value;191;758;758
;;54033;calculated_value;192;759;759
;;46975;calculated_value;193;760;760
;;38312;calculated_value;194;761;761
;;138898;calculated_value;195;762;762
;;63565;calculated_value;196;763;763
;;58710;calculated_value;197;764;764
;;197796;calculated_value;198;765;765
;;187819;calculated_value;199;766;766
;;56297;calculated_value;200;767;767
;;74770;calculated_value;201;768;768
;;57715;calculated_value;202;769;769
;;30564;calculated_value;203;770;770
;;84963;calculated_value;204;771;771
;;148792;calculated_value;205;772;772
;;192360;calculated_value;206;773;773
;;122380;calculated_value;207;774;774
;;173269;calculated_value;208;775;775
;;187587;calculated_value;209;776;776
;;141425;calculated_value;210;777;777
;;162342;calculated_value;211;778;778
;;126875;calculated_value;212;779;779
;;145669;calculated_value;213;780;780
;;169407;calculated_value;214;781;781
;;142664;calculated_value;215;782;782
;;123844;calculated_value;216;783;783
;;84336;calculated_value;217;784;784
;;152096;calculated_value;218;785;785
;;44388;calculated_value;219;786;786
;;153065;calculated_value;220;787;787
;;66630;calculated_value;221;788;788
;;23256;calculated_value;222;789;789
;;27208;calculated_value;223;790;790
;;124018;calculated_value;224;791;791
;;85507;calculated_value;225;792;792
;;169484;calculated_value;226;793;793
;;35544;calculated_value;227;794;794
;;25049;calculated_value;228;795;795
;;47720;calculated_value;229;796;796
;;38425;calculated_value;230;797;797
;;83171;calculated_value;231;798;798
;;174108;calculated_value;232;799;799
;;121827;calculated_value;233;800;800
;;172868;calculated_value;234;801;801
;;169993;calculated_value;235;802;802
;;195039;calculated_value;236;803;803
;;88663;calculated_value;237;804;804
;;80231;calculated_value;238;805;805
;;106602;calculated_value;239;806;806
;;185692;calculated_value;240;807;807
;;176452;calculated_value;241;808;808
;;110238;calculated_value;242;809;809
;;60470;calculated_value;243;810;810
;;117247;calculated_value;244;811;811
;;83274;calculated_value;245;812;812
;;136561;calculated_value;246;813;813
;;42493;calculated_value;247;814;814
;;60279;calculated_value;248;815;815
;;55337;calculated_value;249;816;816
;;122903;calculated_value;250;817;817
;;102085;calculated_value;251;818;818
;;158682;calculated_value;252;819;819
;;132554;calculated_value;253;820;820
;;83861;calculated_value;254;821;821
;;185445;calculated_value;255;822;822
;;85851;calculated_value;256;823;823
;;142053;calculated_value;257;824;824
;;177821;calculated_value;258;825;825
;;46966;calculated_value;259;826;826
;;73419;calculated_value;260;827;827
;;182899;calculated_value;261;828;828
;;114780;calculated_value;262;829;829
;;183289;calculated_value;263;830;830
;;30298;calculated_value;264;831;831
;;103968;calculated_value;265;832;832
;;184848;calculated_value;266;833;833
;;83627;calculated_value;267;834;834
;;142803;calculated_value;268;835;835
;;78229;calculated_value;269;836;836
;;58238;calculated_value;270;837;837
;;28871;calculated_value;271;838;838
;;102106;calculated_value;272;839;839
;;135457;calculated_value;273;840;840
;;130955;calculated_value;274;841;841
;;82923;calculated_value;275;842;842
;;126512;calculated_value;276;843;843
;;78994;calculated_value;277;844;844
;;91438;calculated_value;278;845;845
;;89929;calculated_value;279;846;846
;;99251;calculated_value;280;847;847
;;169991;calculated_value;281;848;848
;;189621;calculated_value;282;849;849
;;52030;calculated_value;283;850;850
;;2575633;registration_number;95;851;851
;;8572150;registration_number;96;852;852
;;7565603;registration_number;97;853;853
;;3564245;registration_number;98;854;854
;;1539497;registration_number;99;855;855
;;2806921;registration_number;100;856;856
;;8004301;registration_number;101;857;857
;;3948638;registration_number;102;858;858
;;8541862;registration_number;103;859;859
;;9415650;registration_number;104;860;860
;;4559958;registration_number;105;861;861
;;4362624;registration_number;106;862;862
;;4788120;registration_number;107;863;863
;;4591649;registration_number;108;864;864
;;1273213;registration_number;109;865;865
;;3522124;registration_number;110;866;866
;;2342255;registration_number;111;867;867
;;1422990;registration_number;112;868;868
;;5533369;registration_number;113;869;869
;;7730066;registration_number;114;870;870
;;7273468;registration_number;115;871;871
;;1165099;registration_number;116;872;872
;;7467084;registration_number;117;873;873
;;3087776;registration_number;118;874;874
;;2852463;registration_number;119;875;875
;;2967454;registration_number;120;876;876
;;5033167;registration_number;121;877;877
;;4455996;registration_number;122;878;878
;;3435541;registration_number;123;879;879
;;7098064;registration_number;124;880;880
;;1298707;registration_number;125;881;881
;;4699463;registration_number;126;882;882
;;9119808;registration_number;127;883;883
;;7216083;registration_number;128;884;884
;;3591667;registration_number;129;885;885
;;8545270;registration_number;130;886;886
;;6881070;registration_number;131;887;887
;;4345821;registration_number;132;888;888
;;7616459;registration_number;133;889;889
;;2145610;registration_number;134;890;890
;;5895693;registration_number;135;891;891
;;4763279;registration_number;136;892;892
;;9047493;registration_number;137;893;893
;;2047653;registration_number;138;894;894
;;1164634;registration_number;139;895;895
;;6907028;registration_number;140;896;896
;;2853031;registration_number;141;897;897
;;5590998;registration_number;142;898;898
;;7126668;registration_number;143;899;899
;;1950431;registration_number;144;900;900
;;8930091;registration_number;145;901;901
;;6100408;registration_number;146;902;902
;;3987366;registration_number;147;903;903
;;3254186;registration_number;148;904;904
;;6540801;registration_number;149;905;905
;;5360666;registration_number;150;906;906
;;6882401;registration_number;151;907;907
;;3923589;registration_number;152;908;908
;;2852523;registration_number;153;909;909
;;3026080;registration_number;154;910;910
;;8836208;registration_number;155;911;911
;;3539521;registration_number;156;912;912
;;4173073;registration_number;157;913;913
;;8062519;registration_number;158;914;914
;;5810094;registration_number;159;915;915
;;1512739;registration_number;160;916;916
;;4637412;registration_number;161;917;917
;;9503933;registration_number;162;918;918
;;1807434;registration_number;163;919;919
;;4248175;registration_number;164;920;920
;;1347685;registration_number;165;921;921
;;2172266;registration_number;166;922;922
;;1362005;registration_number;167;923;923
;;5932426;registration_number;168;924;924
;;6254428;registration_number;169;925;925
;;5684370;registration_number;170;926;926
;;4185775;registration_number;171;927;927
;;5133679;registration_number;172;928;928
;;7816421;registration_number;173;929;929
;;9861070;registration_number;174;930;930
;;5513097;registration_number;175;931;931
;;4970037;registration_number;176;932;932
;;4445251;registration_number;177;933;933
;;3799490;registration_number;178;934;934
;;1972423;registration_number;179;935;935
;;7108985;registration_number;180;936;936
;;5562090;registration_number;181;937;937
;;2664473;registration_number;182;938;938
;;4876252;registration_number;183;939;939
;;1117465;registration_number;184;940;940
;;8764271;registration_number;185;941;941
;;9293240;registration_number;186;942;942
;;2650784;registration_number;187;943;943
;;5598191;registration_number;188;944;944
;;8593796;registration_number;189;945;945
;;3837473;registration_number;190;946;946
;;9361179;registration_number;191;947;947
;;7720747;registration_number;192;948;948
;;9969145;registration_number;193;949;949
;;5406472;registration_number;194;950;950
;;7411807;registration_number;195;951;951
;;4902022;registration_number;196;952;952
;;7540295;registration_number;197;953;953
;;2503562;registration_number;198;954;954
;;4290720;registration_number;199;955;955
;;7441784;registration_number;200;956;956
;;2796912;registration_number;201;957;957
;;7443752;registration_number;202;958;958
;;7802254;registration_number;203;959;959
;;6048302;registration_number;204;960;960
;;1116007;registration_number;205;961;961
;;2641134;registration_number;206;962;962
;;1038831;registration_number;207;963;963
;;9312134;registration_number;208;964;964
;;1610368;registration_number;209;965;965
;;5774114;registration_number;210;966;966
;;5309169;registration_number;211;967;967
;;9344562;registration_number;212;968;968
;;3207245;registration_number;213;969;969
;;3590640;registration_number;214;970;970
;;1651563;registration_number;215;971;971
;;3552088;registration_number;216;972;972
;;3110475;registration_number;217;973;973
;;8748919;registration_number;218;974;974
;;2334597;registration_number;219;975;975
;;9578834;registration_number;220;976;976
;;2050039;registration_number;221;977;977
;;2591672;registration_number;222;978;978
;;1234624;registration_number;223;979;979
;;2368038;registration_number;224;980;980
;;9455530;registration_number;225;981;981
;;6145607;registration_number;226;982;982
;;1368819;registration_number;227;983;983
;;2291097;registration_number;228;984;984
;;8756668;registration_number;229;985;985
;;3617738;registration_number;230;986;986
;;4794762;registration_number;231;987;987
;;9030792;registration_number;232;988;988
;;4785803;registration_number;233;989;989
;;5809234;registration_number;234;990;990
;;5627584;registration_number;235;991;991
;;5049905;registration_number;236;992;992
;;2550736;registration_number;237;993;993
;;9586478;registration_number;238;994;994
;;8436004;registration_number;239;995;995
;;5356925;registration_number;240;996;996
;;8114534;registration_number;241;997;997
;;1991124;registration_number;242;998;998
;;6841904;registration_number;243;999;999
;;6034971;registration_number;244;1000;1000
;;6121990;registration_number;245;1001;1001
;;4069432;registration_number;246;1002;1002
;;1079849;registration_number;247;1003;1003
;;3552258;registration_number;248;1004;1004
;;1740881;registration_number;249;1005;1005
;;8635952;registration_number;250;1006;1006
;;9650564;registration_number;251;1007;1007
;;7758886;registration_number;252;1008;1008
;;5705299;registration_number;253;1009;1009
;;9711287;registration_number;254;1010;1010
;;1693001;registration_number;255;1011;1011
;;9251797;registration_number;256;1012;1012
;;9850521;registration_number;257;1013;1013
;;2042017;registration_number;258;1014;1014
;;7213388;registration_number;259;1015;1015
;;4091435;registration_number;260;1016;1016
;;2160550;registration_number;261;1017;1017
;;6540171;registration_number;262;1018;1018
;;6806763;registration_number;263;1019;1019
;;5837451;registration_number;264;1020;1020
;;2239685;registration_number;265;1021;1021
;;8774111;registration_number;266;1022;1022
;;1336580;registration_number;267;1023;1023
;;9764172;registration_number;268;1024;1024
;;6253160;registration_number;269;1025;1025
;;6291889;registration_number;270;1026;1026
;;9990152;registration_number;271;1027;1027
;;1866333;registration_number;272;1028;1028
;;5416576;registration_number;273;1029;1029
;;1981850;registration_number;274;1030;1030
;;8943424;registration_number;275;1031;1031
;;2347287;registration_number;276;1032;1032
;;1348848;registration_number;277;1033;1033
;;3497418;registration_number;278;1034;1034
;;9257520;registration_number;279;1035;1035
;;9945350;registration_number;280;1036;1036
;;8787126;registration_number;281;1037;1037
;;8819686;registration_number;282;1038;1038
;;7934980;registration_number;283;1039;1039
;;Sundance;model;95;1040;1040
;;M5;model;96;1041;1041
;;RX-7;model;97;1042;1042
;;Mark VIII;model;98;1043;1043
;;Capri;model;99;1044;1044
;;3500;model;100;1045;1045
;;3 Series;model;101;1046;1046
;;Astra;model;102;1047;1047
;;Suburban 1500;model;103;1048;1048
;;LX;model;104;1049;1049
;;IS-F;model;105;1050;1050
;;Sportage;model;106;1051;1051
;;3500;model;107;1052;1052
;;1500;model;108;1053;1053
;;FX;model;109;1054;1054
;;Taurus;model;110;1055;1055
;;Sequoia;model;111;1056;1056
;;Gemini;model;112;1057;1057
;;Phantom;model;113;1058;1058
;;SJ;model;114;1059;1059
;;Savana 1500;model;115;1060;1060
;;Element;model;116;1061;1061
;;XK;model;117;1062;1062
;;Galaxie;model;118;1063;1063
;;Vibe;model;119;1064;1064
;;Gemini;model;120;1065;1065
;;Sierra 2500;model;121;1066;1066
;;7 Series;model;122;1067;1067
;;S-Series;model;123;1068;1068
;;Ram Van B250;model;124;1069;1069
;;Villager;model;125;1070;1070
;;88;model;126;1071;1071
;;Sentra;model;127;1072;1072
;;Aviator;model;128;1073;1073
;;Focus;model;129;1074;1074
;;del Sol;model;130;1075;1075
;;XC70;model;131;1076;1076
;;Outback;model;132;1077;1077
;;S10;model;133;1078;1078
;;Caravan;model;134;1079;1079
;;C-Class;model;135;1080;1080
;;Pathfinder Armada;model;136;1081;1081
;;Safari;model;137;1082;1082
;;Envoy;model;138;1083;1083
;;Altima;model;139;1084;1084
;;riolet;model;140;1085;1085
;;Esprit;model;141;1086;1086
;;Reatta;model;142;1087;1087
;;VUE;model;143;1088;1088
;;Mountaineer;model;144;1089;1089
;;Firebird;model;145;1090;1090
;;G;model;146;1091;1091
;;Trooper;model;147;1092;1092
;;Yukon;model;148;1093;1093
;;C-Class;model;149;1094;1094
;;SRX;model;150;1095;1095
;;Range Rover;model;151;1096;1096
;;Escort;model;152;1097;1097
;;Corvette;model;153;1098;1098
;;8 Series;model;154;1099;1099
;;Continental Flying Spur;model;155;1100;1100
;;Range Rover;model;156;1101;1101
;;Accord;model;157;1102;1102
;;RX-7;model;158;1103;1103
;;Prius;model;159;1104;1104
;;QX;model;160;1105;1105
;;SLK-Class;model;161;1106;1106
;;Town & Country;model;162;1107;1107
;;4Runner;model;163;1108;1108
;;F350;model;164;1109;1109
;;Malibu;model;165;1110;1110
;;Continental;model;166;1111;1111
;;XC90;model;167;1112;1112
;;Tribeca;model;168;1113;1113
;;H1;model;169;1114;1114
;;Cavalier;model;170;1115;1115
;;Tercel;model;171;1116;1116
;;Citation;model;172;1117;1117
;;Land Cruiser;model;173;1118;1118
;;Impreza;model;174;1119;1119
;;Azera;model;175;1120;1120
;;2500;model;176;1121;1121
;;Land Cruiser;model;177;1122;1122
;;M3;model;178;1123;1123
;;Sebring;model;179;1124;1124
;;Express;model;180;1125;1125
;;Yukon;model;181;1126;1126
;;Firebird;model;182;1127;1127
;;Tiburon;model;183;1128;1128
;;Blazer;model;184;1129;1129
;;Passat;model;185;1130;1130
;;Touareg;model;186;1131;1131
;;Range Rover;model;187;1132;1132
;;300SE;model;188;1133;1133
;;XR4Ti;model;189;1134;1134
;;Expo;model;190;1135;1135
;;G;model;191;1136;1136
;;Crown Victoria;model;192;1137;1137
;;Blazer;model;193;1138;1138
;;H1;model;194;1139;1139
;;Breeze;model;195;1140;1140
;;9-5;model;196;1141;1141
;;L-Series;model;197;1142;1142
;;Highlander;model;198;1143;1143
;;Cabriolet;model;199;1144;1144
;;Eldorado;model;200;1145;1145
;;Torrent;model;201;1146;1146
;;Grand Caravan;model;202;1147;1147
;;Escalade ESV;model;203;1148;1148
;;LR3;model;204;1149;1149
;;Escort;model;205;1150;1150
;;Vanquish S;model;206;1151;1151
;;Club Wagon;model;207;1152;1152
;;Avalanche 1500;model;208;1153;1153
;;Touareg 2;model;209;1154;1154
;;Town & Country;model;210;1155;1155
;;9-5;model;211;1156;1156
;;Volt;model;212;1157;1157
;;Pajero;model;213;1158;1158
;;Element;model;214;1159;1159
;;2500;model;215;1160;1160
;;Sedona;model;216;1161;1161
;;Boxster;model;217;1162;1162
;;9-3;model;218;1163;1163
;;Starion;model;219;1164;1164
;;929;model;220;1165;1165
;;Bronco II;model;221;1166;1166
;;Navigator;model;222;1167;1167
;;MDX;model;223;1168;1168
;;Econoline E250;model;224;1169;1169
;;1500;model;225;1170;1170
;;Sidekick;model;226;1171;1171
;;Express 3500;model;227;1172;1172
;;Yukon;model;228;1173;1173
;;Cutlass Supreme;model;229;1174;1174
;;Accord;model;230;1175;1175
;;4000CS Quattro;model;231;1176;1176
;;Montana;model;232;1177;1177
;;Elantra;model;233;1178;1178
;;Alero;model;234;1179;1179
;;Tempo;model;235;1180;1180
;;Continental;model;236;1181;1181
;;Tacoma Xtra;model;237;1182;1182
;;Blazer;model;238;1183;1183
;;Miata MX-5;model;239;1184;1184
;;Exige;model;240;1185;1185
;;xB;model;241;1186;1186
;;XC90;model;242;1187;1187
;;Aerostar;model;243;1188;1188
;;S40;model;244;1189;1189
;;Viper RT/10;model;245;1190;1190
;;Liberty;model;246;1191;1191
;;88;model;247;1192;1192
;;Crown Victoria;model;248;1193;1193
;;Crown Victoria;model;249;1194;1194
;;SLK-Class;model;250;1195;1195
;;Firebird;model;251;1196;1196
;;911;model;252;1197;1197
;;S-Series;model;253;1198;1198
;;SLK-Class;model;254;1199;1199
;;Monte Carlo;model;255;1200;1200
;;GTI;model;256;1201;1201
;;Leone;model;257;1202;1202
;;Corvette;model;258;1203;1203
;;Galant;model;259;1204;1204
;;Tracker;model;260;1205;1205
;;New Yorker;model;261;1206;1206
;;QX;model;262;1207;1207
;;Talon;model;263;1208;1208
;;T100;model;264;1209;1209
;;Eclipse;model;265;1210;1210
;;Scirocco;model;266;1211;1211
;;Navigator;model;267;1212;1212
;;DBS;model;268;1213;1213
;;Caravan;model;269;1214;1214
;;Corvette;model;270;1215;1215
;;Quattro;model;271;1216;1216
;;CL-Class;model;272;1217;1217
;;1500 Club Coupe;model;273;1218;1218
;;DB9;model;274;1219;1219
;;57;model;275;1220;1220
;;Sierra 2500;model;276;1221;1221
;;D350;model;277;1222;1222
;;M3;model;278;1223;1223
;;CL-Class;model;279;1224;1224
;;GTO;model;280;1225;1225
;;3 Series;model;281;1226;1226
;;Solstice;model;282;1227;1227
;;Sierra 3500;model;283;1228;1228
;;7/23/2023;first_insurance_date;95;1229;1229
;;10/26/2023;first_insurance_date;96;1230;1230
;;5/16/2024;first_insurance_date;97;1231;1231
;;10/5/2023;first_insurance_date;98;1232;1232
;;5/19/2024;first_insurance_date;99;1233;1233
;;12/25/2023;first_insurance_date;100;1234;1234
;;4/9/2024;first_insurance_date;101;1235;1235
;;10/13/2023;first_insurance_date;102;1236;1236
;;9/5/2023;first_insurance_date;103;1237;1237
;;11/11/2023;first_insurance_date;104;1238;1238
;;9/5/2023;first_insurance_date;105;1239;1239
;;7/22/2023;first_insurance_date;106;1240;1240
;;8/16/2023;first_insurance_date;107;1241;1241
;;2/4/2024;first_insurance_date;108;1242;1242
;;11/23/2023;first_insurance_date;109;1243;1243
;;6/8/2024;first_insurance_date;110;1244;1244
;;6/13/2024;first_insurance_date;111;1245;1245
;;3/10/2024;first_insurance_date;112;1246;1246
;;2/11/2024;first_insurance_date;113;1247;1247
;;12/14/2023;first_insurance_date;114;1248;1248
;;11/13/2023;first_insurance_date;115;1249;1249
;;4/29/2024;first_insurance_date;116;1250;1250
;;9/29/2023;first_insurance_date;117;1251;1251
;;8/14/2023;first_insurance_date;118;1252;1252
;;4/19/2024;first_insurance_date;119;1253;1253
;;5/26/2024;first_insurance_date;120;1254;1254
;;9/14/2023;first_insurance_date;121;1255;1255
;;7/15/2023;first_insurance_date;122;1256;1256
;;2/17/2024;first_insurance_date;123;1257;1257
;;10/6/2023;first_insurance_date;124;1258;1258
;;1/11/2024;first_insurance_date;125;1259;1259
;;2/26/2024;first_insurance_date;126;1260;1260
;;4/18/2024;first_insurance_date;127;1261;1261
;;1/22/2024;first_insurance_date;128;1262;1262
;;11/23/2023;first_insurance_date;129;1263;1263
;;7/9/2023;first_insurance_date;130;1264;1264
;;11/25/2023;first_insurance_date;131;1265;1265
;;9/26/2023;first_insurance_date;132;1266;1266
;;7/14/2023;first_insurance_date;133;1267;1267
;;2/4/2024;first_insurance_date;134;1268;1268
;;5/24/2024;first_insurance_date;135;1269;1269
;;1/25/2024;first_insurance_date;136;1270;1270
;;7/18/2023;first_insurance_date;137;1271;1271
;;8/11/2023;first_insurance_date;138;1272;1272
;;1/26/2024;first_insurance_date;139;1273;1273
;;1/9/2024;first_insurance_date;140;1274;1274
;;8/25/2023;first_insurance_date;141;1275;1275
;;4/2/2024;first_insurance_date;142;1276;1276
;;2/3/2024;first_insurance_date;143;1277;1277
;;1/28/2024;first_insurance_date;144;1278;1278
;;8/18/2023;first_insurance_date;145;1279;1279
;;9/6/2023;first_insurance_date;146;1280;1280
;;2/21/2024;first_insurance_date;147;1281;1281
;;5/24/2024;first_insurance_date;148;1282;1282
;;3/16/2024;first_insurance_date;149;1283;1283
;;3/18/2024;first_insurance_date;150;1284;1284
;;2/19/2024;first_insurance_date;151;1285;1285
;;12/6/2023;first_insurance_date;152;1286;1286
;;9/21/2023;first_insurance_date;153;1287;1287
;;8/2/2023;first_insurance_date;154;1288;1288
;;4/2/2024;first_insurance_date;155;1289;1289
;;8/15/2023;first_insurance_date;156;1290;1290
;;9/17/2023;first_insurance_date;157;1291;1291
;;10/3/2023;first_insurance_date;158;1292;1292
;;1/6/2024;first_insurance_date;159;1293;1293
;;1/30/2024;first_insurance_date;160;1294;1294
;;7/19/2023;first_insurance_date;161;1295;1295
;;10/14/2023;first_insurance_date;162;1296;1296
;;3/12/2024;first_insurance_date;163;1297;1297
;;10/21/2023;first_insurance_date;164;1298;1298
;;2/21/2024;first_insurance_date;165;1299;1299
;;11/11/2023;first_insurance_date;166;1300;1300
;;12/24/2023;first_insurance_date;167;1301;1301
;;3/15/2024;first_insurance_date;168;1302;1302
;;10/28/2023;first_insurance_date;169;1303;1303
;;12/22/2023;first_insurance_date;170;1304;1304
;;9/20/2023;first_insurance_date;171;1305;1305
;;12/16/2023;first_insurance_date;172;1306;1306
;;7/25/2023;first_insurance_date;173;1307;1307
;;2/10/2024;first_insurance_date;174;1308;1308
;;9/18/2023;first_insurance_date;175;1309;1309
;;7/3/2023;first_insurance_date;176;1310;1310
;;3/5/2024;first_insurance_date;177;1311;1311
;;5/16/2024;first_insurance_date;178;1312;1312
;;5/2/2024;first_insurance_date;179;1313;1313
;;7/10/2023;first_insurance_date;180;1314;1314
;;8/5/2023;first_insurance_date;181;1315;1315
;;11/10/2023;first_insurance_date;182;1316;1316
;;3/26/2024;first_insurance_date;183;1317;1317
;;8/29/2023;first_insurance_date;184;1318;1318
;;8/24/2023;first_insurance_date;185;1319;1319
;;11/30/2023;first_insurance_date;186;1320;1320
;;3/22/2024;first_insurance_date;187;1321;1321
;;8/14/2023;first_insurance_date;188;1322;1322
;;4/5/2024;first_insurance_date;189;1323;1323
;;3/5/2024;first_insurance_date;190;1324;1324
;;4/1/2024;first_insurance_date;191;1325;1325
;;4/9/2024;first_insurance_date;192;1326;1326
;;1/23/2024;first_insurance_date;193;1327;1327
;;3/6/2024;first_insurance_date;194;1328;1328
;;3/21/2024;first_insurance_date;195;1329;1329
;;4/9/2024;first_insurance_date;196;1330;1330
;;5/27/2024;first_insurance_date;197;1331;1331
;;9/3/2023;first_insurance_date;198;1332;1332
;;1/15/2024;first_insurance_date;199;1333;1333
;;10/3/2023;first_insurance_date;200;1334;1334
;;3/7/2024;first_insurance_date;201;1335;1335
;;2/10/2024;first_insurance_date;202;1336;1336
;;6/26/2023;first_insurance_date;203;1337;1337
;;3/3/2024;first_insurance_date;204;1338;1338
;;12/5/2023;first_insurance_date;205;1339;1339
;;3/27/2024;first_insurance_date;206;1340;1340
;;12/29/2023;first_insurance_date;207;1341;1341
;;11/20/2023;first_insurance_date;208;1342;1342
;;1/25/2024;first_insurance_date;209;1343;1343
;;3/29/2024;first_insurance_date;210;1344;1344
;;4/2/2024;first_insurance_date;211;1345;1345
;;11/3/2023;first_insurance_date;212;1346;1346
;;6/25/2023;first_insurance_date;213;1347;1347
;;10/20/2023;first_insurance_date;214;1348;1348
;;2/11/2024;first_insurance_date;215;1349;1349
;;11/15/2023;first_insurance_date;216;1350;1350
;;9/8/2023;first_insurance_date;217;1351;1351
;;3/6/2024;first_insurance_date;218;1352;1352
;;8/28/2023;first_insurance_date;219;1353;1353
;;11/24/2023;first_insurance_date;220;1354;1354
;;8/5/2023;first_insurance_date;221;1355;1355
;;3/29/2024;first_insurance_date;222;1356;1356
;;8/13/2023;first_insurance_date;223;1357;1357
;;1/6/2024;first_insurance_date;224;1358;1358
;;9/8/2023;first_insurance_date;225;1359;1359
;;7/15/2023;first_insurance_date;226;1360;1360
;;9/7/2023;first_insurance_date;227;1361;1361
;;3/18/2024;first_insurance_date;228;1362;1362
;;5/2/2024;first_insurance_date;229;1363;1363
;;11/29/2023;first_insurance_date;230;1364;1364
;;7/20/2023;first_insurance_date;231;1365;1365
;;6/20/2024;first_insurance_date;232;1366;1366
;;2/9/2024;first_insurance_date;233;1367;1367
;;4/14/2024;first_insurance_date;234;1368;1368
;;11/26/2023;first_insurance_date;235;1369;1369
;;2/11/2024;first_insurance_date;236;1370;1370
;;6/10/2024;first_insurance_date;237;1371;1371
;;12/15/2023;first_insurance_date;238;1372;1372
;;5/14/2024;first_insurance_date;239;1373;1373
;;4/16/2024;first_insurance_date;240;1374;1374
;;3/18/2024;first_insurance_date;241;1375;1375
;;2/14/2024;first_insurance_date;242;1376;1376
;;7/23/2023;first_insurance_date;243;1377;1377
;;2/22/2024;first_insurance_date;244;1378;1378
;;5/10/2024;first_insurance_date;245;1379;1379
;;8/8/2023;first_insurance_date;246;1380;1380
;;9/17/2023;first_insurance_date;247;1381;1381
;;5/23/2024;first_insurance_date;248;1382;1382
;;8/27/2023;first_insurance_date;249;1383;1383
;;9/27/2023;first_insurance_date;250;1384;1384
;;6/7/2024;first_insurance_date;251;1385;1385
;;8/30/2023;first_insurance_date;252;1386;1386
;;5/25/2024;first_insurance_date;253;1387;1387
;;4/21/2024;first_insurance_date;254;1388;1388
;;5/28/2024;first_insurance_date;255;1389;1389
;;9/18/2023;first_insurance_date;256;1390;1390
;;8/30/2023;first_insurance_date;257;1391;1391
;;8/19/2023;first_insurance_date;258;1392;1392
;;6/27/2023;first_insurance_date;259;1393;1393
;;11/30/2023;first_insurance_date;260;1394;1394
;;9/7/2023;first_insurance_date;261;1395;1395
;;6/26/2023;first_insurance_date;262;1396;1396
;;3/3/2024;first_insurance_date;263;1397;1397
;;8/1/2023;first_insurance_date;264;1398;1398
;;11/5/2023;first_insurance_date;265;1399;1399
;;1/2/2024;first_insurance_date;266;1400;1400
;;4/17/2024;first_insurance_date;267;1401;1401
;;5/13/2024;first_insurance_date;268;1402;1402
;;3/26/2024;first_insurance_date;269;1403;1403
;;9/18/2023;first_insurance_date;270;1404;1404
;;7/11/2023;first_insurance_date;271;1405;1405
;;9/29/2023;first_insurance_date;272;1406;1406
;;6/2/2024;first_insurance_date;273;1407;1407
;;5/20/2024;first_insurance_date;274;1408;1408
;;2/9/2024;first_insurance_date;275;1409;1409
;;10/14/2023;first_insurance_date;276;1410;1410
;;8/15/2023;first_insurance_date;277;1411;1411
;;12/15/2023;first_insurance_date;278;1412;1412
;;4/19/2024;first_insurance_date;279;1413;1413
;;5/8/2024;first_insurance_date;280;1414;1414
;;6/24/2023;first_insurance_date;281;1415;1415
;;12/7/2023;first_insurance_date;282;1416;1416
;;9/26/2023;first_insurance_date;283;1417;1417
;;1993;year_of_manufacturing;95;1418;1418
;;2009;year_of_manufacturing;96;1419;1419
;;1985;year_of_manufacturing;97;1420;1420
;;1994;year_of_manufacturing;98;1421;1421
;;1993;year_of_manufacturing;99;1422;1422
;;1994;year_of_manufacturing;100;1423;1423
;;1997;year_of_manufacturing;101;1424;1424
;;2009;year_of_manufacturing;102;1425;1425
;;2008;year_of_manufacturing;103;1426;1426
;;2005;year_of_manufacturing;104;1427;1427
;;2009;year_of_manufacturing;105;1428;1428
;;1997;year_of_manufacturing;106;1429;1429
;;2012;year_of_manufacturing;107;1430;1430
;;1995;year_of_manufacturing;108;1431;1431
;;2003;year_of_manufacturing;109;1432;1432
;;2000;year_of_manufacturing;110;1433;1433
;;2007;year_of_manufacturing;111;1434;1434
;;1987;year_of_manufacturing;112;1435;1435
;;2013;year_of_manufacturing;113;1436;1436
;;1991;year_of_manufacturing;114;1437;1437
;;1997;year_of_manufacturing;115;1438;1438
;;2011;year_of_manufacturing;116;1439;1439
;;2011;year_of_manufacturing;117;1440;1440
;;1966;year_of_manufacturing;118;1441;1441
;;2006;year_of_manufacturing;119;1442;1442
;;1989;year_of_manufacturing;120;1443;1443
;;2002;year_of_manufacturing;121;1444;1444
;;1999;year_of_manufacturing;122;1445;1445
;;2002;year_of_manufacturing;123;1446;1446
;;1994;year_of_manufacturing;124;1447;1447
;;1995;year_of_manufacturing;125;1448;1448
;;1997;year_of_manufacturing;126;1449;1449
;;1998;year_of_manufacturing;127;1450;1450
;;2004;year_of_manufacturing;128;1451;1451
;;2003;year_of_manufacturing;129;1452;1452
;;1997;year_of_manufacturing;130;1453;1453
;;2010;year_of_manufacturing;131;1454;1454
;;2006;year_of_manufacturing;132;1455;1455
;;1999;year_of_manufacturing;133;1456;1456
;;1999;year_of_manufacturing;134;1457;1457
;;2008;year_of_manufacturing;135;1458;1458
;;2004;year_of_manufacturing;136;1459;1459
;;2001;year_of_manufacturing;137;1460;1460
;;2003;year_of_manufacturing;138;1461;1461
;;2007;year_of_manufacturing;139;1462;1462
;;1995;year_of_manufacturing;140;1463;1463
;;1989;year_of_manufacturing;141;1464;1464
;;1990;year_of_manufacturing;142;1465;1465
;;2009;year_of_manufacturing;143;1466;1466
;;1998;year_of_manufacturing;144;1467;1467
;;1990;year_of_manufacturing;145;1468;1468
;;2005;year_of_manufacturing;146;1469;1469
;;1997;year_of_manufacturing;147;1470;1470
;;2006;year_of_manufacturing;148;1471;1471
;;2007;year_of_manufacturing;149;1472;1472
;;2006;year_of_manufacturing;150;1473;1473
;;1991;year_of_manufacturing;151;1474;1474
;;1985;year_of_manufacturing;152;1475;1475
;;1997;year_of_manufacturing;153;1476;1476
;;1995;year_of_manufacturing;154;1477;1477
;;2011;year_of_manufacturing;155;1478;1478
;;1996;year_of_manufacturing;156;1479;1479
;;2012;year_of_manufacturing;157;1480;1480
;;1993;year_of_manufacturing;158;1481;1481
;;2012;year_of_manufacturing;159;1482;1482
;;2012;year_of_manufacturing;160;1483;1483
;;1997;year_of_manufacturing;161;1484;1484
;;1996;year_of_manufacturing;162;1485;1485
;;2006;year_of_manufacturing;163;1486;1486
;;1996;year_of_manufacturing;164;1487;1487
;;2010;year_of_manufacturing;165;1488;1488
;;1999;year_of_manufacturing;166;1489;1489
;;2012;year_of_manufacturing;167;1490;1490
;;2009;year_of_manufacturing;168;1491;1491
;;1999;year_of_manufacturing;169;1492;1492
;;2004;year_of_manufacturing;170;1493;1493
;;1998;year_of_manufacturing;171;1494;1494
;;1980;year_of_manufacturing;172;1495;1495
;;2008;year_of_manufacturing;173;1496;1496
;;1996;year_of_manufacturing;174;1497;1497
;;2007;year_of_manufacturing;175;1498;1498
;;1998;year_of_manufacturing;176;1499;1499
;;2002;year_of_manufacturing;177;1500;1500
;;2006;year_of_manufacturing;178;1501;1501
;;2008;year_of_manufacturing;179;1502;1502
;;2009;year_of_manufacturing;180;1503;1503
;;1995;year_of_manufacturing;181;1504;1504
;;1988;year_of_manufacturing;182;1505;1505
;;2001;year_of_manufacturing;183;1506;1506
;;1997;year_of_manufacturing;184;1507;1507
;;2000;year_of_manufacturing;185;1508;1508
;;2011;year_of_manufacturing;186;1509;1509
;;1991;year_of_manufacturing;187;1510;1510
;;1992;year_of_manufacturing;188;1511;1511
;;1985;year_of_manufacturing;189;1512;1512
;;1992;year_of_manufacturing;190;1513;1513
;;2011;year_of_manufacturing;191;1514;1514
;;2006;year_of_manufacturing;192;1515;1515
;;1995;year_of_manufacturing;193;1516;1516
;;1998;year_of_manufacturing;194;1517;1517
;;1996;year_of_manufacturing;195;1518;1518
;;2002;year_of_manufacturing;196;1519;1519
;;2005;year_of_manufacturing;197;1520;1520
;;2012;year_of_manufacturing;198;1521;1521
;;1997;year_of_manufacturing;199;1522;1522
;;1997;year_of_manufacturing;200;1523;1523
;;2008;year_of_manufacturing;201;1524;1524
;;1995;year_of_manufacturing;202;1525;1525
;;2007;year_of_manufacturing;203;1526;1526
;;2005;year_of_manufacturing;204;1527;1527
;;1984;year_of_manufacturing;205;1528;1528
;;2006;year_of_manufacturing;206;1529;1529
;;1993;year_of_manufacturing;207;1530;1530
;;2004;year_of_manufacturing;208;1531;1531
;;2009;year_of_manufacturing;209;1532;1532
;;2011;year_of_manufacturing;210;1533;1533
;;2001;year_of_manufacturing;211;1534;1534
;;2011;year_of_manufacturing;212;1535;1535
;;2004;year_of_manufacturing;213;1536;1536
;;2011;year_of_manufacturing;214;1537;1537
;;1998;year_of_manufacturing;215;1538;1538
;;2002;year_of_manufacturing;216;1539;1539
;;2005;year_of_manufacturing;217;1540;1540
;;1999;year_of_manufacturing;218;1541;1541
;;1985;year_of_manufacturing;219;1542;1542
;;1987;year_of_manufacturing;220;1543;1543
;;1984;year_of_manufacturing;221;1544;1544
;;2008;year_of_manufacturing;222;1545;1545
;;2008;year_of_manufacturing;223;1546;1546
;;2001;year_of_manufacturing;224;1547;1547
;;1999;year_of_manufacturing;225;1548;1548
;;1996;year_of_manufacturing;226;1549;1549
;;2001;year_of_manufacturing;227;1550;1550
;;2005;year_of_manufacturing;228;1551;1551
;;1992;year_of_manufacturing;229;1552;1552
;;2005;year_of_manufacturing;230;1553;1553
;;1986;year_of_manufacturing;231;1554;1554
;;2003;year_of_manufacturing;232;1555;1555
;;1994;year_of_manufacturing;233;1556;1556
;;2003;year_of_manufacturing;234;1557;1557
;;1984;year_of_manufacturing;235;1558;1558
;;2005;year_of_manufacturing;236;1559;1559
;;2001;year_of_manufacturing;237;1560;1560
;;2003;year_of_manufacturing;238;1561;1561
;;2006;year_of_manufacturing;239;1562;1562
;;2009;year_of_manufacturing;240;1563;1563
;;2008;year_of_manufacturing;241;1564;1564
;;2004;year_of_manufacturing;242;1565;1565
;;1987;year_of_manufacturing;243;1566;1566
;;2003;year_of_manufacturing;244;1567;1567
;;1995;year_of_manufacturing;245;1568;1568
;;2006;year_of_manufacturing;246;1569;1569
;;1993;year_of_manufacturing;247;1570;1570
;;2003;year_of_manufacturing;248;1571;1571
;;2000;year_of_manufacturing;249;1572;1572
;;2008;year_of_manufacturing;250;1573;1573
;;1997;year_of_manufacturing;251;1574;1574
;;2009;year_of_manufacturing;252;1575;1575
;;1993;year_of_manufacturing;253;1576;1576
;;2011;year_of_manufacturing;254;1577;1577
;;1973;year_of_manufacturing;255;1578;1578
;;2012;year_of_manufacturing;256;1579;1579
;;1986;year_of_manufacturing;257;1580;1580
;;1999;year_of_manufacturing;258;1581;1581
;;1996;year_of_manufacturing;259;1582;1582
;;2003;year_of_manufacturing;260;1583;1583
;;1992;year_of_manufacturing;261;1584;1584
;;2003;year_of_manufacturing;262;1585;1585
;;1991;year_of_manufacturing;263;1586;1586
;;1996;year_of_manufacturing;264;1587;1587
;;2004;year_of_manufacturing;265;1588;1588
;;1984;year_of_manufacturing;266;1589;1589
;;2012;year_of_manufacturing;267;1590;1590
;;2010;year_of_manufacturing;268;1591;1591
;;1993;year_of_manufacturing;269;1592;1592
;;2005;year_of_manufacturing;270;1593;1593
;;1985;year_of_manufacturing;271;1594;1594
;;1999;year_of_manufacturing;272;1595;1595
;;1997;year_of_manufacturing;273;1596;1596
;;2011;year_of_manufacturing;274;1597;1597
;;2005;year_of_manufacturing;275;1598;1598
;;2008;year_of_manufacturing;276;1599;1599
;;1992;year_of_manufacturing;277;1600;1600
;;1998;year_of_manufacturing;278;1601;1601
;;2001;year_of_manufacturing;279;1602;1602
;;1974;year_of_manufacturing;280;1603;1603
;;1999;year_of_manufacturing;281;1604;1604
;;2009;year_of_manufacturing;282;1605;1605
;;2009;year_of_manufacturing;283;1606;1606
;;12/31/2023;insured_in_poland_from_date;95;1607;1607
;;9/8/2023;insured_in_poland_from_date;96;1608;1608
;;2/14/2024;insured_in_poland_from_date;97;1609;1609
;;4/13/2024;insured_in_poland_from_date;98;1610;1610
;;8/25/2023;insured_in_poland_from_date;99;1611;1611
;;5/7/2024;insured_in_poland_from_date;100;1612;1612
;;7/28/2023;insured_in_poland_from_date;101;1613;1613
;;8/9/2023;insured_in_poland_from_date;102;1614;1614
;;5/16/2024;insured_in_poland_from_date;103;1615;1615
;;8/6/2023;insured_in_poland_from_date;104;1616;1616
;;7/25/2023;insured_in_poland_from_date;105;1617;1617
;;11/19/2023;insured_in_poland_from_date;106;1618;1618
;;1/15/2024;insured_in_poland_from_date;107;1619;1619
;;8/9/2023;insured_in_poland_from_date;108;1620;1620
;;8/20/2023;insured_in_poland_from_date;109;1621;1621
;;10/1/2023;insured_in_poland_from_date;110;1622;1622
;;4/13/2024;insured_in_poland_from_date;111;1623;1623
;;5/11/2024;insured_in_poland_from_date;112;1624;1624
;;1/7/2024;insured_in_poland_from_date;113;1625;1625
;;9/11/2023;insured_in_poland_from_date;114;1626;1626
;;1/1/2024;insured_in_poland_from_date;115;1627;1627
;;11/3/2023;insured_in_poland_from_date;116;1628;1628
;;7/30/2023;insured_in_poland_from_date;117;1629;1629
;;8/29/2023;insured_in_poland_from_date;118;1630;1630
;;8/10/2023;insured_in_poland_from_date;119;1631;1631
;;4/23/2024;insured_in_poland_from_date;120;1632;1632
;;9/16/2023;insured_in_poland_from_date;121;1633;1633
;;10/24/2023;insured_in_poland_from_date;122;1634;1634
;;2/23/2024;insured_in_poland_from_date;123;1635;1635
;;6/30/2023;insured_in_poland_from_date;124;1636;1636
;;8/19/2023;insured_in_poland_from_date;125;1637;1637
;;2/7/2024;insured_in_poland_from_date;126;1638;1638
;;10/16/2023;insured_in_poland_from_date;127;1639;1639
;;9/23/2023;insured_in_poland_from_date;128;1640;1640
;;12/13/2023;insured_in_poland_from_date;129;1641;1641
;;10/24/2023;insured_in_poland_from_date;130;1642;1642
;;9/17/2023;insured_in_poland_from_date;131;1643;1643
;;10/6/2023;insured_in_poland_from_date;132;1644;1644
;;7/19/2023;insured_in_poland_from_date;133;1645;1645
;;12/17/2023;insured_in_poland_from_date;134;1646;1646
;;6/12/2024;insured_in_poland_from_date;135;1647;1647
;;5/12/2024;insured_in_poland_from_date;136;1648;1648
;;6/11/2024;insured_in_poland_from_date;137;1649;1649
;;7/21/2023;insured_in_poland_from_date;138;1650;1650
;;6/18/2024;insured_in_poland_from_date;139;1651;1651
;;2/11/2024;insured_in_poland_from_date;140;1652;1652
;;1/18/2024;insured_in_poland_from_date;141;1653;1653
;;12/5/2023;insured_in_poland_from_date;142;1654;1654
;;10/23/2023;insured_in_poland_from_date;143;1655;1655
;;6/18/2024;insured_in_poland_from_date;144;1656;1656
;;4/22/2024;insured_in_poland_from_date;145;1657;1657
;;12/6/2023;insured_in_poland_from_date;146;1658;1658
;;9/24/2023;insured_in_poland_from_date;147;1659;1659
;;5/30/2024;insured_in_poland_from_date;148;1660;1660
;;1/8/2024;insured_in_poland_from_date;149;1661;1661
;;3/17/2024;insured_in_poland_from_date;150;1662;1662
;;3/12/2024;insured_in_poland_from_date;151;1663;1663
;;3/30/2024;insured_in_poland_from_date;152;1664;1664
;;3/26/2024;insured_in_poland_from_date;153;1665;1665
;;7/25/2023;insured_in_poland_from_date;154;1666;1666
;;4/24/2024;insured_in_poland_from_date;155;1667;1667
;;3/11/2024;insured_in_poland_from_date;156;1668;1668
;;10/29/2023;insured_in_poland_from_date;157;1669;1669
;;7/20/2023;insured_in_poland_from_date;158;1670;1670
;;11/5/2023;insured_in_poland_from_date;159;1671;1671
;;5/31/2024;insured_in_poland_from_date;160;1672;1672
;;10/19/2023;insured_in_poland_from_date;161;1673;1673
;;11/10/2023;insured_in_poland_from_date;162;1674;1674
;;4/9/2024;insured_in_poland_from_date;163;1675;1675
;;10/24/2023;insured_in_poland_from_date;164;1676;1676
;;11/17/2023;insured_in_poland_from_date;165;1677;1677
;;12/30/2023;insured_in_poland_from_date;166;1678;1678
;;7/27/2023;insured_in_poland_from_date;167;1679;1679
;;1/15/2024;insured_in_poland_from_date;168;1680;1680
;;10/21/2023;insured_in_poland_from_date;169;1681;1681
;;3/28/2024;insured_in_poland_from_date;170;1682;1682
;;10/8/2023;insured_in_poland_from_date;171;1683;1683
;;9/21/2023;insured_in_poland_from_date;172;1684;1684
;;12/26/2023;insured_in_poland_from_date;173;1685;1685
;;10/12/2023;insured_in_poland_from_date;174;1686;1686
;;2/19/2024;insured_in_poland_from_date;175;1687;1687
;;2/28/2024;insured_in_poland_from_date;176;1688;1688
;;3/23/2024;insured_in_poland_from_date;177;1689;1689
;;11/14/2023;insured_in_poland_from_date;178;1690;1690
;;3/11/2024;insured_in_poland_from_date;179;1691;1691
;;5/22/2024;insured_in_poland_from_date;180;1692;1692
;;3/26/2024;insured_in_poland_from_date;181;1693;1693
;;9/14/2023;insured_in_poland_from_date;182;1694;1694
;;7/13/2023;insured_in_poland_from_date;183;1695;1695
;;1/3/2024;insured_in_poland_from_date;184;1696;1696
;;5/24/2024;insured_in_poland_from_date;185;1697;1697
;;12/1/2023;insured_in_poland_from_date;186;1698;1698
;;2/25/2024;insured_in_poland_from_date;187;1699;1699
;;9/16/2023;insured_in_poland_from_date;188;1700;1700
;;11/13/2023;insured_in_poland_from_date;189;1701;1701
;;1/11/2024;insured_in_poland_from_date;190;1702;1702
;;12/10/2023;insured_in_poland_from_date;191;1703;1703
;;10/29/2023;insured_in_poland_from_date;192;1704;1704
;;3/2/2024;insured_in_poland_from_date;193;1705;1705
;;3/22/2024;insured_in_poland_from_date;194;1706;1706
;;11/21/2023;insured_in_poland_from_date;195;1707;1707
;;11/21/2023;insured_in_poland_from_date;196;1708;1708
;;4/1/2024;insured_in_poland_from_date;197;1709;1709
;;4/5/2024;insured_in_poland_from_date;198;1710;1710
;;2/7/2024;insured_in_poland_from_date;199;1711;1711
;;2/3/2024;insured_in_poland_from_date;200;1712;1712
;;3/7/2024;insured_in_poland_from_date;201;1713;1713
;;10/11/2023;insured_in_poland_from_date;202;1714;1714
;;12/28/2023;insured_in_poland_from_date;203;1715;1715
;;4/9/2024;insured_in_poland_from_date;204;1716;1716
;;2/16/2024;insured_in_poland_from_date;205;1717;1717
;;2/23/2024;insured_in_poland_from_date;206;1718;1718
;;12/5/2023;insured_in_poland_from_date;207;1719;1719
;;4/14/2024;insured_in_poland_from_date;208;1720;1720
;;3/23/2024;insured_in_poland_from_date;209;1721;1721
;;2/3/2024;insured_in_poland_from_date;210;1722;1722
;;12/9/2023;insured_in_poland_from_date;211;1723;1723
;;12/21/2023;insured_in_poland_from_date;212;1724;1724
;;3/13/2024;insured_in_poland_from_date;213;1725;1725
;;1/14/2024;insured_in_poland_from_date;214;1726;1726
;;8/26/2023;insured_in_poland_from_date;215;1727;1727
;;2/5/2024;insured_in_poland_from_date;216;1728;1728
;;6/1/2024;insured_in_poland_from_date;217;1729;1729
;;12/2/2023;insured_in_poland_from_date;218;1730;1730
;;9/23/2023;insured_in_poland_from_date;219;1731;1731
;;2/22/2024;insured_in_poland_from_date;220;1732;1732
;;8/25/2023;insured_in_poland_from_date;221;1733;1733
;;6/23/2023;insured_in_poland_from_date;222;1734;1734
;;7/1/2023;insured_in_poland_from_date;223;1735;1735
;;1/12/2024;insured_in_poland_from_date;224;1736;1736
;;9/3/2023;insured_in_poland_from_date;225;1737;1737
;;3/24/2024;insured_in_poland_from_date;226;1738;1738
;;3/26/2024;insured_in_poland_from_date;227;1739;1739
;;3/27/2024;insured_in_poland_from_date;228;1740;1740
;;2/17/2024;insured_in_poland_from_date;229;1741;1741
;;5/30/2024;insured_in_poland_from_date;230;1742;1742
;;7/16/2023;insured_in_poland_from_date;231;1743;1743
;;9/7/2023;insured_in_poland_from_date;232;1744;1744
;;4/4/2024;insured_in_poland_from_date;233;1745;1745
;;2/15/2024;insured_in_poland_from_date;234;1746;1746
;;7/8/2023;insured_in_poland_from_date;235;1747;1747
;;3/3/2024;insured_in_poland_from_date;236;1748;1748
;;8/14/2023;insured_in_poland_from_date;237;1749;1749
;;10/28/2023;insured_in_poland_from_date;238;1750;1750
;;7/20/2023;insured_in_poland_from_date;239;1751;1751
;;12/29/2023;insured_in_poland_from_date;240;1752;1752
;;6/8/2024;insured_in_poland_from_date;241;1753;1753
;;12/16/2023;insured_in_poland_from_date;242;1754;1754
;;5/25/2024;insured_in_poland_from_date;243;1755;1755
;;9/3/2023;insured_in_poland_from_date;244;1756;1756
;;9/22/2023;insured_in_poland_from_date;245;1757;1757
;;5/27/2024;insured_in_poland_from_date;246;1758;1758
;;11/2/2023;insured_in_poland_from_date;247;1759;1759
;;1/6/2024;insured_in_poland_from_date;248;1760;1760
;;8/19/2023;insured_in_poland_from_date;249;1761;1761
;;9/4/2023;insured_in_poland_from_date;250;1762;1762
;;5/31/2024;insured_in_poland_from_date;251;1763;1763
;;9/7/2023;insured_in_poland_from_date;252;1764;1764
;;12/17/2023;insured_in_poland_from_date;253;1765;1765
;;4/12/2024;insured_in_poland_from_date;254;1766;1766
;;10/3/2023;insured_in_poland_from_date;255;1767;1767
;;4/1/2024;insured_in_poland_from_date;256;1768;1768
;;4/4/2024;insured_in_poland_from_date;257;1769;1769
;;4/6/2024;insured_in_poland_from_date;258;1770;1770
;;9/25/2023;insured_in_poland_from_date;259;1771;1771
;;3/19/2024;insured_in_poland_from_date;260;1772;1772
;;8/29/2023;insured_in_poland_from_date;261;1773;1773
;;7/24/2023;insured_in_poland_from_date;262;1774;1774
;;11/4/2023;insured_in_poland_from_date;263;1775;1775
;;1/28/2024;insured_in_poland_from_date;264;1776;1776
;;3/8/2024;insured_in_poland_from_date;265;1777;1777
;;1/26/2024;insured_in_poland_from_date;266;1778;1778
;;10/16/2023;insured_in_poland_from_date;267;1779;1779
;;9/18/2023;insured_in_poland_from_date;268;1780;1780
;;2/9/2024;insured_in_poland_from_date;269;1781;1781
;;5/18/2024;insured_in_poland_from_date;270;1782;1782
;;9/22/2023;insured_in_poland_from_date;271;1783;1783
;;12/13/2023;insured_in_poland_from_date;272;1784;1784
;;7/20/2023;insured_in_poland_from_date;273;1785;1785
;;2/6/2024;insured_in_poland_from_date;274;1786;1786
;;7/20/2023;insured_in_poland_from_date;275;1787;1787
;;9/12/2023;insured_in_poland_from_date;276;1788;1788
;;4/11/2024;insured_in_poland_from_date;277;1789;1789
;;6/6/2024;insured_in_poland_from_date;278;1790;1790
;;5/15/2024;insured_in_poland_from_date;279;1791;1791
;;7/31/2023;insured_in_poland_from_date;280;1792;1792
;;2/29/2024;insured_in_poland_from_date;281;1793;1793
;;8/29/2023;insured_in_poland_from_date;282;1794;1794
;;4/9/2024;insured_in_poland_from_date;283;1795;1795
;;WAUDF58E95A748967;vin;95;1796;1796
;;JM3TB2CV3F0096359;vin;96;1797;1797
;;1G6KD57Y77U414629;vin;97;1798;1798
;;1FMEU3DE1AU994551;vin;98;1799;1799
;;5UXWX7C55E0593608;vin;99;1800;1800
;;3D73M3CL5BG082935;vin;100;1801;1801
;;WBADS43451G312421;vin;101;1802;1802
;;1GKS1CKJ2FR523512;vin;102;1803;1803
;;1FMJK1F51AE102461;vin;103;1804;1804
;;KNAFU5A20B5088871;vin;104;1805;1805
;;19UUA8F55EA992414;vin;105;1806;1806
;;JTHBK1GG4F2007928;vin;106;1807;1807
;;2T1KU4EE4DC005822;vin;107;1808;1808
;;WAUDF58E25A887015;vin;108;1809;1809
;;5TDBCRFH4FS309350;vin;109;1810;1810
;;KNAFZ6A39F5655536;vin;110;1811;1811
;;JN1AZ4EH1AM469708;vin;111;1812;1812
;;1FAHP2DW1BG451480;vin;112;1813;1813
;;2T2BK1BA5FC733816;vin;113;1814;1814
;;1G6DA8E59D0160212;vin;114;1815;1815
;;1FADP3E25FL109057;vin;115;1816;1816
;;SALWR2VF6FA319603;vin;116;1817;1817
;;JN1BY1PP7FM519299;vin;117;1818;1818
;;ZHWGU5BZ0AL424183;vin;118;1819;1819
;;5UXXW3C56F0255989;vin;119;1820;1820
;;1FMJU1H55AE944484;vin;120;1821;1821
;;1FTEW1E82AF044800;vin;121;1822;1822
;;WBAEB53568C488219;vin;122;1823;1823
;;JN8AS5MT5AW899330;vin;123;1824;1824
;;1G4GG5E39CF011599;vin;124;1825;1825
;;1GD312CG1EF039632;vin;125;1826;1826
;;1G6AH5R30F0027492;vin;126;1827;1827
;;WAUEH78E26A569990;vin;127;1828;1828
;;WVGEP9BP5FD423136;vin;128;1829;1829
;;SCFAB02A06G165987;vin;129;1830;1830
;;WAUYGAFC6CN314455;vin;130;1831;1831
;;3C4PDDGG9ET666300;vin;131;1832;1832
;;WAUCFAFR3BA517522;vin;132;1833;1833
;;1N6AD0CUXBC772723;vin;133;1834;1834
;;1N6AF0KY4FN086170;vin;134;1835;1835
;;4JGCB2FE7BA628491;vin;135;1836;1836
;;WUARL48H54K571108;vin;136;1837;1837
;;WAULVBFR8CA478808;vin;137;1838;1838
;;JH4DC53805S171963;vin;138;1839;1839
;;WDDGF4HB9DG099219;vin;139;1840;1840
;;WAUMFAFL3CN904923;vin;140;1841;1841
;;1D7RV1GP4BS059504;vin;141;1842;1842
;;1G6DD1E39E0843980;vin;142;1843;1843
;;WDDHF2EB3CA269217;vin;143;1844;1844
;;WAUHFAFL2AN382963;vin;144;1845;1845
;;WVWAP7AN0EE981220;vin;145;1846;1846
;;WBANA53555B002326;vin;146;1847;1847
;;1G6AT5SXXE0499967;vin;147;1848;1848
;;WBASN4C5XCC030714;vin;148;1849;1849
;;1G6DX67DX90158239;vin;149;1850;1850
;;2HNYD18854H228031;vin;150;1851;1851
;;WUARL48H16K307368;vin;151;1852;1852
;;WAUED64B91N822189;vin;152;1853;1853
;;1N6AA0CC1AN890386;vin;153;1854;1854
;;1G6DC8EY6B0972360;vin;154;1855;1855
;;WBA3T1C57FP035620;vin;155;1856;1856
;;3C63DRNL3CG270064;vin;156;1857;1857
;;1G4GE5E34CF422415;vin;157;1858;1858
;;JTHBL5EF2F1663159;vin;158;1859;1859
;;JTHBK1EG5C2781622;vin;159;1860;1860
;;1C3CDZCB3EN684205;vin;160;1861;1861
;;1G6DC5E58C0169846;vin;161;1862;1862
;;WBALM5C51AE170634;vin;162;1863;1863
;;4A4AP3AU6EE538790;vin;163;1864;1864
;;JN8AZ1FY6DW155396;vin;164;1865;1865
;;1N6AA0CH1EN643595;vin;165;1866;1866
;;1G6KE54Y05U566802;vin;166;1867;1867
;;1FTEX1E83AK657769;vin;167;1868;1868
;;WAUNF98P18A595115;vin;168;1869;1869
;;5NPE24AF9FH418174;vin;169;1870;1870
;;KMHGH4JH2CU846478;vin;170;1871;1871
;;KNDJN2A23E7487551;vin;171;1872;1872
;;WAUAF98E05A615105;vin;172;1873;1873
;;KMHHT6KD8AU651587;vin;173;1874;1874
;;WA1MKAFP1AA466662;vin;174;1875;1875
;;SCFBB04B78G343049;vin;175;1876;1876
;;1G6DL5ED8B0048529;vin;176;1877;1877
;;1J4NF1GB9BD569999;vin;177;1878;1878
;;3LN6L2LU5FR582001;vin;178;1879;1879
;;WBS3U9C56FP585690;vin;179;1880;1880
;;SCFHDDAJ3CA544286;vin;180;1881;1881
;;1G4GE5GV1AF490702;vin;181;1882;1882
;;1FBNE3BL8DD957315;vin;182;1883;1883
;;WAUHE78P28A781573;vin;183;1884;1884
;;WUADUAFG3CN432530;vin;184;1885;1885
;;WAUPN94E18N403118;vin;185;1886;1886
;;WBAKA8C59AC576422;vin;186;1887;1887
;;WBANB33514B048896;vin;187;1888;1888
;;WAUDV74F97N775675;vin;188;1889;1889
;;3D73M3CL6BG648052;vin;189;1890;1890
;;4T1BF3EK6BU458622;vin;190;1891;1891
;;1N6AF0KX9FN168077;vin;191;1892;1892
;;WDBSK7BA5CF707631;vin;192;1893;1893
;;2C3CCARG0DH404643;vin;193;1894;1894
;;WAUKH78E66A061668;vin;194;1895;1895
;;5UXFE43597L096793;vin;195;1896;1896
;;1G6AV5S81E0453513;vin;196;1897;1897
;;2HNYD2H36CH593942;vin;197;1898;1898
;;4JGCB2FE0CA987487;vin;198;1899;1899
;;3VWPG3AG4AM852869;vin;199;1900;1900
;;3GYFNAE3XFS448004;vin;200;1901;1901
;;1FTEX1E88AF793808;vin;201;1902;1902
;;WA1LFBFP0CA830580;vin;202;1903;1903
;;2C3CCAXJ3DH532387;vin;203;1904;1904
;;5UXWX9C55F0853406;vin;204;1905;1905
;;1FMCU4K36BK907562;vin;205;1906;1906
;;19UUA66275A738052;vin;206;1907;1907
;;JHMFA3F2XAS737065;vin;207;1908;1908
;;WBA6B4C52ED126022;vin;208;1909;1909
;;1G6AD5SX6D0343047;vin;209;1910;1910
;;WAUCFAFH1AN124746;vin;210;1911;1911
;;3VW507AT9FM304065;vin;211;1912;1912
;;SAJWJ0EF6E8010255;vin;212;1913;1913
;;WAUVT58E85A186718;vin;213;1914;1914
;;WAUMFBFLXBN807240;vin;214;1915;1915
;;WAUSH78E56A400288;vin;215;1916;1916
;;1G6DK8ED2B0714904;vin;216;1917;1917
;;WAUJT64B74N114173;vin;217;1918;1918
;;WAUFGBFC2DN001689;vin;218;1919;1919
;;WBALW3C53DC652407;vin;219;1920;1920
;;5TFAW5F14FX948837;vin;220;1921;1921
;;JH4KB2F63CC007424;vin;221;1922;1922
;;3VW1K7AJ2DM092453;vin;222;1923;1923
;;1N6AA0CJXEN648135;vin;223;1924;1924
;;5N1AN0NW5DN313830;vin;224;1925;1925
;;3GYFNEE34DS343785;vin;225;1926;1926
;;1GYS3AEF6BR445015;vin;226;1927;1927
;;JTJYWRBZ3F2125148;vin;227;1928;1928
;;SCBLC43F66C254270;vin;228;1929;1929
;;1GD11ZCG1BF933061;vin;229;1930;1930
;;4USCN33482L644419;vin;230;1931;1931
;;3C63DPNL6CG567771;vin;231;1932;1932
;;5XYKT3A1XDG809837;vin;232;1933;1933
;;JN8AZ2KR4DT614608;vin;233;1934;1934
;;WBAUP7C59CV467337;vin;234;1935;1935
;;WBAUP9C51CV689396;vin;235;1936;1936
;;WP1AB2A26FL019780;vin;236;1937;1937
;;3VW4A7ATXCM671027;vin;237;1938;1938
;;5J8TB1H26CA345553;vin;238;1939;1939
;;1G4CU541X14662188;vin;239;1940;1940
;;WBAUL73519V429184;vin;240;1941;1941
;;19UUA8F31EA241129;vin;241;1942;1942
;;WAULD64B34N767749;vin;242;1943;1943
;;WP0AA2A86FK274432;vin;243;1944;1944
;;5N1AR2MM2FC327425;vin;244;1945;1945
;;WVGAV3AX9DW559094;vin;245;1946;1946
;;WAUDFAFL6AA557785;vin;246;1947;1947
;;WAUJT58E93A501540;vin;247;1948;1948
;;WAUEKBFB7BN905195;vin;248;1949;1949
;;YV1672MK3C2789759;vin;249;1950;1950
;;1G6AG5RX6F0584249;vin;250;1951;1951
;;3FA6P0LU8ER700463;vin;251;1952;1952
;;5J8TB3H73GL164220;vin;252;1953;1953
;;KMHEC4A47FA145055;vin;253;1954;1954
;;WAUBFBFL0AN511407;vin;254;1955;1955
;;WAUJT68E64A831482;vin;255;1956;1956
;;3G5DA03E92S052431;vin;256;1957;1957
;;1FTEX1C85AK544148;vin;257;1958;1958
;;JN1CV6EK3AM624514;vin;258;1959;1959
;;WA1WMAFE3CD583811;vin;259;1960;1960
;;2C3CDXCT8CH255595;vin;260;1961;1961
;;JN1CV6AP8AM611405;vin;261;1962;1962
;;JH4KB16308C062761;vin;262;1963;1963
;;3C4PDCAB4DT930433;vin;263;1964;1964
;;5UXFA93585L985722;vin;264;1965;1965
;;WAURFAFR3CA137852;vin;265;1966;1966
;;3VWML7AJ6EM271882;vin;266;1967;1967
;;3D7TT2CT2AG513419;vin;267;1968;1968
;;WBALW7C58ED317436;vin;268;1969;1969
;;JN8AZ2KR3DT587434;vin;269;1970;1970
;;SCFEBBCF3CG489020;vin;270;1971;1971
;;19UYA42483A248987;vin;271;1972;1972
;;WA1WGBFP4EA903706;vin;272;1973;1973
;;JH4KB2F66CC422673;vin;273;1974;1974
;;5UMDU93426L401383;vin;274;1975;1975
;;JM1CR2W39A0759618;vin;275;1976;1976
;;5UXFG2C55CL252790;vin;276;1977;1977
;;WAUVC68E23A589323;vin;277;1978;1978
;;SCFEBBBK6DG918358;vin;278;1979;1979
;;5N1AN0NW3EN591269;vin;279;1980;1980
;;TRUTC28NX31562976;vin;280;1981;1981
;;WBA3B3G55DN893735;vin;281;1982;1982
;;WA1CFBFP9CA104250;vin;282;1983;1983
;;2G4GN5EC6B9659799;vin;283;1984;1984
